customer_id,total_revenue,total_orders,average_order_value,customer_lifespan_days,customer_lifespan_years,recency_days,annual_purchase_frequency,estimated_clv,clv_segment,churn_risk
C0001,67052288.0,40,1676307.2,2160,5.917808219178082,6,6.7592592592592595,11330594.962962963,High CLV,Low Risk
C0002,77917319.2,56,1391380.7,2135,5.8493150684931505,33,9.573770491803279,13320759.48852459,Very High CLV,Moderate Risk
C0003,50921823.2,40,1273045.58,2035,5.575342465753424,62,7.174447174447175,9133398.264373465,Low CLV,High Risk
C0004,62484367.6,47,1329454.6297872341,2112,5.786301369863014,0,8.122632575757576,10798671.483901516,Medium CLV,Low Risk
C0005,85668379.8,51,1679772.1529411764,2045,5.602739726027397,88,9.102689486552567,15290444.316381417,Very High CLV,High Risk
C0006,77685503.4,46,1688815.291304348,1961,5.372602739726028,120,8.561958184599694,14459565.90566038,Very High CLV,Very High Risk
C0007,48267553.2,36,1340765.3666666667,2006,5.495890410958904,58,6.550348953140578,8782481.015952144,Low CLV,Moderate Risk
C0008,49133801.0,36,1364827.8055555555,1961,5.372602739726028,168,6.700662927078021,9145251.07853136,Low CLV,Very High Risk
C0009,68836324.8,34,2024597.788235294,2031,5.564383561643836,57,6.110290497291974,12370880.626292465,High CLV,Moderate Risk
C0010,69405822.8,50,1388116.456,2135,5.8493150684931505,34,8.5480093676815,11865632.469320845,High CLV,Moderate Risk
C0011,57187490.8,41,1394816.8487804877,2150,5.890410958904109,39,6.96046511627907,9708574.019534884,Medium CLV,Moderate Risk
C0012,54659532.0,38,1438408.7368421052,2082,5.704109589041096,82,6.661863592699327,9582482.795389049,Low CLV,High Risk
C0013,81970974.6,49,1672877.0326530612,2125,5.821917808219178,65,8.416470588235294,14079720.343058823,Very High CLV,High Risk
C0014,55301444.6,31,1783917.5677419356,2134,5.846575342465753,10,5.302249297094658,9458775.66963449,Low CLV,Low Risk
C0015,64944750.0,38,1709072.3684210526,2098,5.747945205479452,45,6.611058150619638,11298776.81124881,High CLV,Moderate Risk
C0016,77633128.0,41,1893490.9268292682,2161,5.920547945205479,13,6.925034706154558,13112490.384081444,Very High CLV,Low Risk
C0017,59455266.0,40,1486381.65,2151,5.8931506849315065,10,6.787540678754068,10088875.913528591,Medium CLV,Low Risk
C0018,59030468.4,36,1639735.2333333334,2034,5.572602739726028,7,6.460176991150442,10592979.825958703,Medium CLV,Low Risk
C0019,54871093.4,43,1276071.9395348837,2152,5.895890410958904,21,7.2932156133829,9306667.793215614,Low CLV,Low Risk
C0020,48976856.0,41,1194557.463414634,2091,5.728767123287671,75,7.1568627450980395,8549283.80679101,Low CLV,High Risk
C0021,65405456.4,47,1391605.455319149,2116,5.7972602739726025,60,8.107277882797732,11282132.129489603,High CLV,Moderate Risk
C0022,56771100.0,39,1455669.2307692308,2124,5.8191780821917805,55,6.701977401129944,9755862.288135594,Medium CLV,Moderate Risk
C0023,68015185.6,37,1838248.2594594592,2183,5.980821917808219,4,6.186440677966101,11372213.808520382,High CLV,Low Risk
C0024,62453301.2,48,1301110.4416666667,2065,5.657534246575342,105,8.484261501210653,11038961.22905569,Medium CLV,Very High Risk
C0025,74907916.8,44,1702452.6545454545,2062,5.64931506849315,101,7.788554801163919,13259645.796314258,Very High CLV,Very High Risk
C0026,76679411.4,41,1870229.5463414635,2181,5.975342465753425,2,6.861531407611188,12832638.771664375,High CLV,Low Risk
C0027,60238104.6,44,1369047.8318181818,2103,5.761643835616439,5,7.636709462672372,10455020.532097002,Medium CLV,Low Risk
C0028,42570807.4,34,1252082.5705882353,2122,5.813698630136987,48,5.848256361922714,7322499.8590951925,Low CLV,Moderate Risk
C0029,58176890.6,38,1530970.805263158,1992,5.457534246575342,184,6.96285140562249,10659922.223393574,Medium CLV,Very High Risk
C0030,64370910.6,38,1693971.3315789474,2042,5.594520547945206,120,6.7923604309500485,11506063.843780607,High CLV,Very High Risk
C0031,66478869.4,40,1661971.7349999999,1951,5.345205479452055,140,7.483341875961045,12437102.681189133,High CLV,Very High Risk
C0032,74116167.4,45,1647025.9422222225,2102,5.758904109589041,67,7.813986679352997,12869838.773073265,High CLV,High Risk
C0033,57806787.2,34,1700199.6235294119,2109,5.778082191780822,19,5.884305357989569,10004493.754385967,Medium CLV,Low Risk
C0034,42944978.2,33,1301362.9757575758,2101,5.756164383561644,86,5.732984293193717,7460693.499762018,Low CLV,High Risk
C0035,69432703.6,46,1509406.5999999999,2136,5.852054794520548,49,7.860486891385768,11864670.79307116,High CLV,Moderate Risk
C0036,60321548.8,39,1546706.3794871795,2099,5.750684931506849,8,6.781800857551215,10489454.650786089,Medium CLV,Low Risk
C0037,49170554.6,38,1293961.9631578948,1962,5.375342465753425,67,7.069317023445463,9147427.333843017,Low CLV,High Risk
C0038,66333798.6,41,1617897.5268292683,2152,5.895890410958904,32,6.953996282527881,11250853.387081785,High CLV,Moderate Risk
C0039,68445013.6,40,1711125.3399999999,2052,5.6219178082191785,33,7.115009746588694,12174673.47173489,High CLV,Moderate Risk
C0040,55264046.6,45,1228089.9244444445,2128,5.83013698630137,10,7.718515037593985,9479030.549342105,Low CLV,Low Risk
C0041,77732741.0,42,1850779.5476190476,1978,5.419178082191781,203,7.75025278058645,14344009.335187055,Very High CLV,Very High Risk
C0042,78392790.0,44,1781654.3181818181,2088,5.720547945205479,79,7.691570881226054,13703720.474137932,Very High CLV,High Risk
C0043,50240542.800000004,37,1357852.5081081083,1898,5.2,200,7.115384615384615,9661642.846153848,Medium CLV,Very High Risk
C0044,55873422.6,38,1470353.2263157896,2143,5.8712328767123285,44,6.472235184321046,9516471.88474102,Low CLV,Moderate Risk
C0045,77675754.60000001,43,1806412.8976744188,2143,5.8712328767123285,16,7.323845076994868,13229888.207652826,Very High CLV,Low Risk
C0046,97081196.6,51,1903552.8745098037,2136,5.852054794520548,22,8.714887640449438,16589249.41900749,Very High CLV,Low Risk
C0047,64303432.2,36,1786206.4500000002,1968,5.391780821917808,128,6.676829268292683,11926195.504573172,High CLV,Very High Risk
C0048,51356098.4,34,1510473.482352941,2090,5.726027397260274,86,5.937799043062201,8968887.998086125,Low CLV,High Risk
C0049,84164002.6,42,2003904.8238095236,2161,5.920547945205479,6,7.093937991670523,14215576.561314205,Very High CLV,Low Risk
C0050,63912172.0,30,2130405.7333333334,2164,5.928767123287671,17,5.06007393715342,10780010.52680222,Medium CLV,Low Risk
C0051,59958994.4,37,1620513.362162162,2100,5.7534246575342465,46,6.430952380952381,10421444.264761904,Medium CLV,Moderate Risk
C0052,57455055.6,37,1552839.3405405406,2129,5.832876712328767,20,6.343353687177078,9850209.156411462,Medium CLV,Low Risk
C0053,48380645.8,31,1560665.993548387,1952,5.347945205479452,104,5.796618852459016,9046585.92059426,Low CLV,Very High Risk
C0054,71503829.4,42,1702472.1285714288,2144,5.873972602739726,17,7.150186567164179,12172993.344682839,High CLV,Low Risk
C0055,68815879.6,37,1859888.6378378377,2081,5.701369863013698,20,6.489668428640077,12070060.573762614,High CLV,Low Risk
C0056,65974292.4,38,1736165.589473684,2133,5.843835616438356,51,6.502578527894984,11289553.082981717,High CLV,Moderate Risk
C0057,52687167.2,35,1505347.6342857145,2086,5.715068493150685,27,6.124161073825503,9218991.384467881,Low CLV,Low Risk
C0058,56841153.8,41,1386369.6048780486,2162,5.923287671232877,7,6.9218316373728035,9596216.99213691,Low CLV,Low Risk
C0059,61020302.6,39,1564623.1435897436,2160,5.917808219178082,11,6.590277777777779,10311301.133796297,Medium CLV,Low Risk
C0060,82033521.6,50,1640670.4319999998,2136,5.852054794520548,37,8.544007490636703,14017900.460674154,Very High CLV,Moderate Risk
C0061,39850503.8,32,1245328.24375,2049,5.6136986301369864,114,5.700341630063446,7098796.430941923,Low CLV,Very High Risk
C0062,81412848.2,38,2142443.3736842107,2054,5.627397260273972,61,6.752677702044791,14467229.597370984,Very High CLV,High Risk
C0063,77222513.2,43,1795872.4000000001,2121,5.810958904109589,12,7.3998114097124,13289117.075907592,Very High CLV,Low Risk
C0064,66364513.6,39,1701654.194871795,2095,5.739726027397261,17,6.794749403341289,11562313.82529833,High CLV,Low Risk
C0065,75287487.6,41,1836280.1853658536,2172,5.950684931506849,19,6.889963167587477,12651902.842541436,High CLV,Low Risk
C0066,60235825.4,38,1585153.3,2082,5.704109589041096,81,6.661863592699327,10560075.058117194,Medium CLV,High Risk
C0067,56503395.6,33,1712224.1090909091,2042,5.594520547945206,1,5.898628795298726,10099774.433888344,Medium CLV,Low Risk
C0068,59659250.6,42,1420458.3476190476,2097,5.745205479452054,25,7.310443490701002,10384180.481163567,Medium CLV,Low Risk
C0069,82661260.2,52,1589639.6192307693,2123,5.816438356164384,20,8.940178991992463,14211662.728685822,Very High CLV,Low Risk
C0070,87747724.2,48,1828077.5875000001,2146,5.879452054794521,11,8.164026095060578,14924473.128145387,Very High CLV,Low Risk
C0071,76936168.8,47,1636939.7617021275,2133,5.843835616438356,35,8.042662916080639,13165354.717299579,Very High CLV,Moderate Risk
C0072,59941485.6,30,1998049.52,2018,5.528767123287671,8,5.426164519326066,10841745.413280476,Medium CLV,Low Risk
C0073,62403573.6,36,1733432.6,2061,5.646575342465753,49,6.3755458515283845,11051579.021834062,Medium CLV,Moderate Risk
C0074,59288601.6,45,1317524.48,2182,5.978082191780822,0,7.527497708524289,9917662.504124656,Medium CLV,Low Risk
C0075,55423341.4,35,1583524.04,2013,5.515068493150685,72,6.346249379036264,10049438.455538996,Medium CLV,High Risk
C0076,87221895.8,49,1780038.6897959183,2176,5.961643835616439,4,8.219209558823529,14630511.014246322,Very High CLV,Low Risk
C0077,63409372.8,38,1668667.7052631578,2141,5.865753424657535,15,6.478281177020084,10810098.585707612,Medium CLV,Low Risk
C0078,44016970.2,33,1333847.581818182,2077,5.69041095890411,84,5.799229658160809,7735288.455946078,Low CLV,High Risk
C0079,47715030.2,33,1445910.006060606,2134,5.846575342465753,33,5.644329896907217,8161193.075445174,Low CLV,Moderate Risk
C0080,64442221.6,46,1400917.8608695653,2083,5.706849315068493,58,8.060489678348535,11292083.957753241,High CLV,Moderate Risk
C0081,62552790.6,40,1563819.7650000001,2181,5.975342465753425,8,6.694176983035305,10468486.276478682,Medium CLV,Low Risk
C0082,81249145.6,50,1624982.9119999998,2103,5.761643835616439,13,8.67807893485497,14101729.978126485,Very High CLV,Low Risk
C0083,94364155.4,50,1887283.108,1961,5.372602739726028,88,9.306476287608362,17563955.492605813,Very High CLV,High Risk
C0084,90726465.4,47,1930350.3276595746,2047,5.608219178082192,26,8.380556912554958,16177410.782120176,Very High CLV,Low Risk
C0085,71008889.0,44,1613838.3863636365,2089,5.723287671232876,102,7.687888942077549,12407010.284825277,High CLV,Very High Risk
C0086,61140968.2,30,2038032.2733333334,2141,5.865753424657535,39,5.11443250817375,10423378.51144325,Medium CLV,Moderate Risk
C0087,52685252.8,41,1285006.1658536585,2156,5.906849315068493,14,6.941094619666048,8919349.384044526,Low CLV,Low Risk
C0088,63615211.0,39,1631159.2564102565,2147,5.882191780821918,19,6.630181648812296,10814882.168141592,Medium CLV,Low Risk
C0089,51004563.0,40,1275114.075,2143,5.8712328767123285,47,6.8128791413905745,8687198.084461037,Low CLV,Moderate Risk
C0090,56056558.6,45,1245701.3022222223,2047,5.608219178082192,70,8.023937469467514,9995429.354665365,Medium CLV,High Risk
C0091,42545525.4,32,1329547.66875,2068,5.6657534246575345,115,5.647969052224371,7509244.08655706,Low CLV,Very High Risk
C0092,49508865.6,41,1207533.3073170732,2021,5.536986301369863,154,7.404750123701138,8941482.406729342,Low CLV,Very High Risk
C0093,63276812.2,41,1543336.8829268294,2138,5.857534246575343,30,6.999532273152479,10802636.320392892,Medium CLV,Low Risk
C0094,50263933.0,33,1523149.4848484849,2072,5.676712328767123,102,5.813223938223938,8854409.046814673,Low CLV,Very High Risk
C0095,58809103.8,31,1897067.864516129,2171,5.947945205479452,5,5.211883924458775,9887297.50667895,Medium CLV,Low Risk
C0096,60656339.0,40,1516408.475,2189,5.997260273972603,1,6.669712197350388,10114008.101873001,Medium CLV,Low Risk
C0097,54923549.4,30,1830784.98,2096,5.742465753424658,15,5.224236641221374,9564453.97471374,Low CLV,Low Risk
C0098,57357413.2,37,1550200.3567567568,2106,5.76986301369863,13,6.412630579297247,9940862.21177588,Medium CLV,Low Risk
C0099,66209370.0,52,1273257.1153846155,2177,5.964383561643835,5,8.718419843821774,11100790.101056501,High CLV,Low Risk
C0100,50958417.2,42,1213295.6476190477,2116,5.7972602739726025,51,7.244801512287335,8790086.142722119,Low CLV,Moderate Risk
C0101,67105356.8,43,1560589.6930232558,2053,5.624657534246575,82,7.644909887968827,11930567.575255724,High CLV,High Risk
C0102,80030261.4,38,2106059.510526316,2054,5.627397260273972,68,6.752677702044791,14221541.095910419,Very High CLV,High Risk
C0103,79536298.4,42,1893721.3904761907,2016,5.523287671232877,124,7.604166666666666,14400173.0734127,Very High CLV,Very High Risk
C0104,44705340.8,36,1241815.022222222,2133,5.843835616438356,1,6.160337552742616,7649999.714955461,Low CLV,Low Risk
C0105,66903370.4,46,1454421.095652174,2069,5.668493150684932,35,8.115031416143063,11802672.883518606,High CLV,Moderate Risk
C0106,60639108.8,42,1443788.3047619048,2055,5.63013698630137,49,7.45985401459854,10770449.981508516,Medium CLV,Moderate Risk
C0107,90133837.8,52,1733343.0346153846,2171,5.947945205479452,20,8.742514970059881,15153777.428374022,Very High CLV,Low Risk
C0108,42738496.6,26,1643788.3307692308,2187,5.991780821917808,2,4.339277549154093,7132853.799268406,Low CLV,Low Risk
C0109,73760844.8,48,1536684.2666666666,2156,5.906849315068493,22,8.126159554730982,12487341.536178106,High CLV,Low Risk
C0110,94461957.2,44,2146862.6636363636,1974,5.4082191780821915,193,8.135764944275582,17466369.99898683,Very High CLV,Very High Risk
C0111,59356912.0,39,1521972.1025641025,2078,5.693150684931507,15,6.85033686236766,10426021.597690085,Medium CLV,Low Risk
C0112,59897509.0,40,1497437.725,2104,5.764383561643836,30,6.939163498098859,10390965.201996198,Medium CLV,Low Risk
C0113,83281862.4,42,1982901.4857142859,2171,5.947945205479452,8,7.061262091202211,14001787.09166283,Very High CLV,Low Risk
C0114,55114526.0,36,1530959.0555555555,2094,5.736986301369863,95,6.275071633237822,9606877.741165232,Low CLV,Very High Risk
C0115,48843581.0,33,1480108.5151515151,2032,5.567123287671233,33,5.92765748031496,8773576.311515747,Low CLV,Moderate Risk
C0116,76668904.6,40,1916722.6149999998,2089,5.723287671232876,97,6.988989947343227,13395955.088080421,Very High CLV,Very High Risk
C0117,45754267.0,35,1307264.7714285713,2107,5.772602739726027,84,6.06312292358804,7926107.00284765,Low CLV,High Risk
C0118,54581290.4,39,1399520.2666666666,2175,5.958904109589041,1,6.544827586206896,9159618.84873563,Low CLV,Low Risk
C0119,83814433.4,58,1445076.4379310345,2147,5.882191780821918,38,9.860270144387517,14248844.05728924,Very High CLV,Moderate Risk
C0120,52335040.0,36,1453751.111111111,2144,5.873972602739726,46,6.128731343283582,8909650.0,Low CLV,Moderate Risk
C0121,49865297.8,36,1385147.161111111,2140,5.863013698630137,30,6.14018691588785,8505062.475233644,Low CLV,Low Risk
C0122,53915180.0,33,1633793.3333333333,2124,5.8191780821917805,56,5.67090395480226,9265085.075329566,Low CLV,Moderate Risk
C0123,70243447.0,37,1898471.5405405406,2119,5.8054794520547945,57,6.373289287399717,12099508.331760265,High CLV,Moderate Risk
C0124,65379588.0,47,1391055.0638297873,2172,5.950684931506849,9,7.898250460405157,10986901.298342543,Medium CLV,Low Risk
C0125,49053869.4,36,1362607.4833333334,2122,5.813698630136987,22,6.192271442035815,8437635.405749293,Low CLV,Low Risk
C0126,70535310.0,39,1808597.6923076923,1858,5.090410958904109,270,7.66146393972013,13856506.001076426,Very High CLV,Very High Risk
C0127,55495542.0,31,1790178.7741935484,1943,5.323287671232877,189,5.823468862583633,10425050.349974265,Medium CLV,Very High Risk
C0128,73171694.8,39,1876197.3025641025,2177,5.964383561643835,13,6.538814882866331,12268106.845199818,High CLV,Low Risk
C0129,82458307.6,40,2061457.69,2173,5.953424657534247,13,6.718821905200184,13850567.084215371,Very High CLV,Low Risk
C0130,60851805.0,41,1484190.3658536586,2099,5.750684931506849,45,7.129585516912816,10581662.13673178,Medium CLV,Moderate Risk
C0131,73559256.8,39,1886134.7897435897,1940,5.315068493150685,200,7.337628865979381,13839757.078350514,Very High CLV,Very High Risk
C0132,50864051.6,39,1304206.4512820514,2048,5.610958904109589,91,6.95068359375,9065126.383789062,Low CLV,Very High Risk
C0133,54603955.0,31,1761417.9032258065,1838,5.035616438356165,268,6.156147986942328,10843549.279107725,Medium CLV,Very High Risk
C0134,91565309.0,50,1831306.18,2093,5.734246575342466,37,8.71954132823698,15968149.92116579,Very High CLV,Moderate Risk
C0135,78383415.4,45,1741853.6755555556,1998,5.473972602739726,126,8.22072072072072,14319292.603103103,Very High CLV,Very High Risk
C0136,52373189.0,42,1246980.6904761905,2062,5.64931506849315,48,7.434529582929195,9270714.832686713,Low CLV,Moderate Risk
C0137,57221883.8,28,2043638.7071428571,2009,5.504109589041096,19,5.087108013937282,10396210.844698856,Medium CLV,Low Risk
C0138,69371199.4,41,1691980.473170732,2176,5.961643835616439,6,6.877297794117647,11636253.575827207,High CLV,Low Risk
C0139,48432694.2,36,1345352.6166666667,2069,5.668493150684932,51,6.350894151764137,8544192.065248912,Low CLV,Moderate Risk
C0140,74126515.8,44,1684693.5409090908,2143,5.8712328767123285,37,7.494167055529632,12625374.83294447,High CLV,Moderate Risk
C0141,76394196.6,40,1909854.9149999998,2050,5.616438356164384,46,7.121951219512195,13601893.540975608,Very High CLV,Moderate Risk
C0142,87849122.2,48,1830190.0458333334,2132,5.841095890410959,23,8.217636022514071,15039835.64868668,Very High CLV,Low Risk
C0143,49888789.6,29,1720303.0896551725,2030,5.561643835616438,151,5.214285714285714,8970151.824630544,Low CLV,Very High Risk
C0144,54049087.6,31,1743518.9548387097,2010,5.506849315068493,109,5.629353233830846,9814884.066666668,Medium CLV,Very High Risk
C0145,37852475.0,37,1023039.8648648649,2099,5.750684931506849,2,6.434016198189615,6582255.061934255,Low CLV,Low Risk
C0146,62762832.8,33,1901904.0242424242,2172,5.950684931506849,0,5.545580110497237,10547161.128913444,Medium CLV,Low Risk
C0147,57961759.4,36,1610048.8722222222,2147,5.882191780821918,9,6.1201676758267345,9853769.064275732,Medium CLV,Low Risk
C0148,59828023.0,40,1495700.575,2142,5.868493150684931,22,6.8160597572362285,10194784.498132586,Medium CLV,Low Risk
C0149,73287579.6,42,1744942.3714285712,2114,5.791780821917809,19,7.251655629139072,12653721.170293279,High CLV,Low Risk
C0150,45150214.2,34,1327947.4764705882,1947,5.3342465753424655,52,6.373908577298408,8464215.81047766,Low CLV,Moderate Risk
C0151,45382271.4,31,1463944.2387096775,2097,5.745205479452054,33,5.395803528850739,7899155.489270386,Low CLV,Moderate Risk
C0152,63322590.0,41,1544453.4146341463,2080,5.698630136986301,43,7.194711538461539,11111896.802884616,High CLV,Moderate Risk
C0153,109360638.6,59,1853570.1457627118,2156,5.906849315068493,19,9.988404452690167,18514208.29730983,Very High CLV,Low Risk
C0154,77981883.6,46,1695258.3391304347,2148,5.884931506849315,15,7.81657355679702,13251111.50558659,Very High CLV,Low Risk
C0155,45589948.4,36,1266387.4555555554,2095,5.739726027397261,14,6.272076372315036,7942878.838186157,Low CLV,Low Risk
C0156,67944702.4,36,1887352.8444444446,2073,5.67945205479452,105,6.338639652677279,11963249.578388808,High CLV,Very High Risk
C0157,66039594.4,38,1737884.0631578946,2145,5.876712328767123,1,6.466200466200466,11237506.739393938,High CLV,Low Risk
C0158,62074622.2,37,1677692.491891892,2040,5.589041095890411,96,6.620098039215686,11106488.775980392,High CLV,Very High Risk
C0159,57251892.6,36,1590330.35,2154,5.901369863013699,5,6.100278551532034,9701458.123955432,Medium CLV,Low Risk
C0160,76401059.6,49,1559205.2979591836,2104,5.764383561643836,38,8.500475285171103,13253986.099809885,Very High CLV,Moderate Risk
C0161,69069391.0,43,1606264.9069767443,2065,5.657534246575342,44,7.600484261501211,12208391.145278452,High CLV,Moderate Risk
C0162,68830756.4,30,2294358.546666667,1928,5.282191780821917,78,5.679460580912863,13030718.92427386,Very High CLV,High Risk
C0163,51460399.4,40,1286509.9849999999,1891,5.1808219178082195,148,7.720782654680063,9932863.977260707,Medium CLV,Very High Risk
C0164,59364706.6,39,1522171.9641025641,2133,5.843835616438356,48,6.6736990154711675,10158517.538209096,Medium CLV,Moderate Risk
C0165,80463427.2,51,1577714.2588235296,2127,5.8273972602739725,7,8.75176304654443,13807781.348377999,Very High CLV,Low Risk
C0166,74137215.4,34,2180506.3352941177,2151,5.8931506849315065,23,5.769409576940958,12580234.133426314,High CLV,Low Risk
C0167,52892007.0,35,1511200.2,2186,5.989041095890411,3,5.844007319304667,8831465.029734677,Low CLV,Low Risk
C0168,77926391.0,38,2050694.5,2026,5.550684931506849,13,6.846001974333663,14039058.595755184,Very High CLV,Low Risk
C0169,80772054.4,44,1835728.5090909093,2043,5.597260273972603,65,7.86098874204601,14430641.143416544,Very High CLV,High Risk
C0170,48302583.4,32,1509455.73125,2101,5.756164383561644,11,5.559257496430272,8391453.0894812,Low CLV,Low Risk
C0171,68022564.0,36,1889515.6666666667,2049,5.6136986301369864,26,6.412884333821376,12117245.41727672,High CLV,Low Risk
C0172,72288356.4,42,1721151.342857143,2042,5.594520547945206,34,7.5073457394711065,12921278.200783545,Very High CLV,Moderate Risk
C0173,63791487.8,36,1771985.772222222,2051,5.619178082191781,53,6.406630911750366,11352458.82350073,High CLV,Moderate Risk
C0174,37034465.8,34,1089248.994117647,2171,5.947945205479452,10,5.7162597881160755,6226430.224320589,Low CLV,Low Risk
C0175,67902256.2,41,1656152.5902439025,2111,5.7835616438356166,57,7.089057318806253,11740560.64092847,High CLV,Moderate Risk
C0176,68872893.2,44,1565293.0272727273,2032,5.567123287671233,146,7.903543307086614,12371361.22933071,High CLV,Very High Risk
C0177,40099837.2,30,1336661.24,2095,5.739726027397261,6,5.226730310262529,6986367.817661097,Low CLV,Low Risk
C0178,97309961.6,58,1677757.9586206896,2148,5.884931506849315,22,9.855679702048416,16535445.057728117,Very High CLV,Low Risk
C0179,44818951.8,35,1280541.48,1889,5.175342465753425,163,6.762837480148226,8660093.91582848,Low CLV,Very High Risk
C0180,33556847.4,31,1082478.9483870966,2167,5.936986301369863,21,5.221504383940932,5652168.5745269945,Low CLV,Low Risk
C0181,60094083.2,40,1502352.08,2073,5.67945205479452,16,7.0429329474191995,10580964.962855766,Medium CLV,Low Risk
C0182,45656632.6,32,1426769.76875,1980,5.424657534246576,150,5.898989898989899,8416500.454040404,Low CLV,Very High Risk
C0183,41359486.8,32,1292483.9625,2149,5.887671232876713,26,5.435086086551884,7024761.601675197,Low CLV,Low Risk
C0184,72655964.8,35,2075884.7085714284,2088,5.720547945205479,33,6.118295019157088,12700875.072796933,High CLV,Moderate Risk
C0185,58416829.8,39,1497867.4307692307,2002,5.484931506849315,106,7.1103896103896105,10650421.017482517,Medium CLV,Very High Risk
C0186,77458487.0,42,1844249.6904761905,2124,5.8191780821917805,20,7.2175141242937855,13310898.189736348,Very High CLV,Low Risk
C0187,49675352.0,31,1602430.7096774194,2017,5.526027397260274,53,5.609816559246406,8989342.330193358,Low CLV,Moderate Risk
C0188,61533771.8,45,1367417.151111111,2160,5.917808219178082,4,7.604166666666667,10398067.919907408,Medium CLV,Low Risk
C0189,69544094.2,41,1696197.4195121953,2080,5.698630136986301,50,7.194711538461539,12203651.14567308,High CLV,Moderate Risk
C0190,63609819.4,38,1673942.6157894738,2055,5.63013698630137,2,6.749391727493918,11298094.443309003,High CLV,Low Risk
C0191,71483715.2,31,2305926.2967741936,2139,5.86027397260274,19,5.289855072463768,12198015.91771856,High CLV,Low Risk
C0192,75785020.60000001,43,1762442.3395348839,2106,5.76986301369863,67,7.452516619183286,13134630.825735994,Very High CLV,High Risk
C0193,73624933.0,44,1673293.9318181819,2151,5.8931506849315065,31,7.466294746629475,12493305.69270107,High CLV,Moderate Risk
C0194,50090927.4,36,1391414.65,2082,5.704109589041096,5,6.311239193083574,8781550.672910662,Low CLV,Low Risk
C0195,59145431.2,33,1792285.793939394,2143,5.8712328767123285,3,5.620625291647224,10073766.863275783,Medium CLV,Low Risk
C0196,78120269.6,54,1446671.6592592592,2119,5.8054794520547945,64,9.301557338367154,13456299.38839075,Very High CLV,High Risk
C0197,85162557.6,50,1703251.1519999998,2065,5.657534246575342,74,8.837772397094431,15052946.016464889,Very High CLV,High Risk
C0198,65200086.6,38,1715791.752631579,2033,5.5698630136986305,73,6.822429906542055,11705868.966551892,High CLV,High Risk
C0199,53138757.0,38,1398388.3421052631,2102,5.758904109589041,71,6.598477640342531,9227234.20789724,Low CLV,High Risk
C0200,93452113.6,52,1797156.0307692306,2116,5.7972602739726025,36,8.969754253308128,16120047.95085066,Very High CLV,Moderate Risk
C0201,84633831.6,49,1727221.0530612243,2142,5.868493150684931,18,8.34967320261438,14421731.341736695,Very High CLV,Low Risk
C0202,58935549.4,35,1683872.8399999999,1829,5.010958904109589,101,6.984691088026243,11761331.61891744,High CLV,Very High Risk
C0203,55254922.2,37,1493376.2756756758,2094,5.736986301369863,42,6.44937917860554,9631349.85816619,Low CLV,Moderate Risk
C0204,43385471.0,33,1314711.2424242424,2108,5.7753424657534245,23,5.713946869070209,7512190.187381404,Low CLV,Low Risk
C0205,68750922.6,39,1762844.1692307692,2136,5.852054794520548,46,6.66432584269663,11748167.953651685,High CLV,Moderate Risk
C0206,96630874.4,46,2100671.1826086957,2164,5.928767123287671,20,7.758780036968576,16298645.63585952,Very High CLV,Low Risk
C0207,101737768.4,51,1994858.2039215688,2072,5.676712328767123,79,8.98407335907336,17921952.4449807,Very High CLV,High Risk
C0208,51714962.2,34,1521028.3,2171,5.947945205479452,1,5.7162597881160755,8694592.907876555,Low CLV,Low Risk
C0209,72304789.4,46,1571843.247826087,1862,5.101369863013699,39,9.0171858216971,14173602.648227712,Very High CLV,Moderate Risk
C0210,54645456.0,32,1707670.5,2138,5.857534246575343,3,5.463049579045837,9329088.606173994,Low CLV,Low Risk
C0211,63897083.199999996,45,1419935.1822222222,2086,5.715068493150685,41,7.8739213806327895,11180457.99041227,High CLV,Moderate Risk
C0212,48934838.0,35,1398138.2285714287,2114,5.791780821917809,46,6.043046357615894,8449014.12961211,Low CLV,Moderate Risk
C0213,68039047.6,32,2126220.2375,2013,5.515068493150685,122,5.802285146547441,12336936.102334822,High CLV,Very High Risk
C0214,54155736.6,35,1547306.76,2175,5.958904109589041,5,5.873563218390804,9088204.073103447,Low CLV,Low Risk
C0215,79956715.4,53,1508617.2716981133,2126,5.824657534246575,7,9.099247412982127,13727281.806679212,Very High CLV,Low Risk
C0216,76597799.4,46,1665169.5521739132,2124,5.8191780821917805,41,7.904896421845575,13162992.834745765,Very High CLV,Moderate Risk
C0217,63312018.8,38,1666105.7578947367,2160,5.917808219178082,13,6.421296296296297,10698558.732407408,Medium CLV,Low Risk
C0218,55544090.8,45,1234313.1288888888,2083,5.706849315068493,76,7.885261641862698,9732881.969275083,Medium CLV,High Risk
C0219,79417300.6,48,1654527.0958333332,2173,5.953424657534247,10,8.06258628624022,13339767.47307869,Very High CLV,Low Risk
C0220,54813895.4,47,1166253.0936170213,2118,5.802739726027397,55,8.099622285174693,9446209.547214353,Low CLV,Moderate Risk
C0221,82001959.0,44,1863680.8863636365,2058,5.638356164383562,117,7.803692905733722,14543593.311467445,Very High CLV,Very High Risk
C0222,61184396.6,44,1390554.4681818183,2144,5.873972602739726,18,7.490671641791045,10416186.921175374,Medium CLV,Low Risk
C0223,54993118.6,34,1617444.6647058823,2055,5.63013698630137,77,6.038929440389294,9767634.203892944,Medium CLV,High Risk
C0224,58349595.8,40,1458739.895,2145,5.876712328767123,17,6.806526806526807,9928952.1990676,Medium CLV,Low Risk
C0225,72456292.4,51,1420711.6156862746,1949,5.33972602739726,167,9.551051821446896,13569290.264751155,Very High CLV,Very High Risk
C0226,49907828.2,28,1782422.4357142858,2076,5.6876712328767125,94,4.922928709055877,8774738.58044316,Low CLV,Very High Risk
C0227,65155178.8,39,1670645.6102564102,2080,5.698630136986301,68,6.84375,11433480.895192306,High CLV,High Risk
C0228,65812402.2,36,1828122.2833333334,1994,5.463013698630137,112,6.589769307923771,12046904.113841526,High CLV,Very High Risk
C0229,46111656.0,29,1590057.103448276,2025,5.5479452054794525,32,5.22716049382716,8311483.674074074,Low CLV,Moderate Risk
C0230,68274085.2,41,1665221.5902439025,2081,5.701369863013698,61,7.191254204709274,11975031.762614127,High CLV,High Risk
C0231,66737768.0,39,1711224.8205128205,2093,5.734246575342466,53,6.801242236024844,11638454.524605827,High CLV,Moderate Risk
C0232,62766339.2,41,1530886.3219512196,2166,5.934246575342466,2,6.90904893813481,10576968.517082179,Medium CLV,Low Risk
C0233,54215650.4,34,1594577.9529411765,2075,5.684931506849315,71,5.980722891566265,9536728.86554217,Low CLV,High Risk
C0234,80621425.6,33,2443073.503030303,2178,5.967123287671233,5,5.53030303030303,13510936.797061523,Very High CLV,Low Risk
C0235,67658054.0,43,1573443.1162790698,1952,5.347945205479452,112,8.04047131147541,12651224.236680327,High CLV,Very High Risk
C0236,70995165.6,47,1510535.4382978722,2045,5.602739726027397,67,8.38875305623472,12671508.774572127,High CLV,High Risk
C0237,76179786.8,46,1656082.3217391304,2087,5.717808219178083,77,8.04504072831816,13323249.727839002,Very High CLV,High Risk
C0238,39369812.4,32,1230306.6375,2049,5.6136986301369864,121,5.700341630063446,7013168.143484627,Low CLV,Very High Risk
C0239,55722404.6,38,1466379.0684210528,1843,5.049315068493151,65,7.525773195876289,11035636.288117202,Medium CLV,High Risk
C0240,104286776.8,50,2085735.5359999998,2091,5.728767123287671,51,8.727881396461024,18204052.38259206,Very High CLV,Moderate Risk
C0241,90825382.8,46,1974464.8434782608,2099,5.750684931506849,61,7.999047165316818,15793837.409242496,Very High CLV,High Risk
C0242,77418552.4,50,1548371.0480000002,2119,5.8054794520547945,43,8.612553091080699,13335427.855592262,Very High CLV,Moderate Risk
C0243,50637406.0,34,1489335.4705882352,1977,5.416438356164384,21,6.2771876580677795,9348838.234699039,Low CLV,Low Risk
C0244,82751848.8,48,1723996.8499999999,2044,5.6,22,8.571428571428571,14777115.857142856,Very High CLV,Low Risk
C0245,59459217.6,37,1607005.8810810812,2160,5.917808219178082,31,6.252314814814815,10047506.677777778,Medium CLV,Moderate Risk
C0246,78316881.4,37,2116672.4702702705,2107,5.772602739726027,59,6.409587090650214,13566996.540579025,Very High CLV,Moderate Risk
C0247,71151399.8,42,1694080.9476190475,2099,5.750684931506849,48,7.3034778465936165,12372682.671272034,High CLV,Moderate Risk
C0248,45208412.0,30,1506947.0666666667,2155,5.904109589041096,27,5.081206496519721,7657109.225058004,Low CLV,Low Risk
C0249,67200206.8,40,1680005.17,2085,5.712328767123288,91,7.002398081534772,11764064.979376499,High CLV,Very High Risk
C0250,80665961.2,45,1792576.9155555556,2114,5.791780821917809,11,7.769631031220435,13927661.228949858,Very High CLV,Low Risk
C0251,63937240.8,39,1639416.4307692307,2005,5.493150684931507,178,7.0997506234413965,11639447.826433916,High CLV,Very High Risk
C0252,50788059.0,38,1336527.8684210526,1923,5.2684931506849315,54,7.212688507540301,9639959.196567861,Medium CLV,Moderate Risk
C0253,75155616.4,40,1878890.4100000001,2071,5.673972602739726,34,7.049734427812651,13245678.409464028,Very High CLV,Moderate Risk
C0254,96361380.0,52,1853103.4615384615,1913,5.241095890410959,97,9.921589127025614,18385731.15525353,Very High CLV,Very High Risk
C0255,76546128.2,49,1562165.881632653,2137,5.854794520547945,50,8.36920917173608,13074093.024333179,Very High CLV,Moderate Risk
C0256,63561255.0,34,1869448.6764705882,2086,5.715068493150685,103,5.949185043144775,11121696.104985619,High CLV,Very High Risk
C0257,76640757.4,45,1703127.9422222225,2166,5.934246575342466,8,7.583102493074792,12914993.744690675,Very High CLV,Low Risk
C0258,69315386.0,31,2235980.193548387,2075,5.684931506849315,82,5.453012048192771,12192826.934939757,High CLV,High Risk
C0259,66515887.2,37,1797726.6810810813,2141,5.865753424657535,18,6.307800093414292,11339700.526856609,High CLV,Low Risk
C0260,66249877.0,38,1743417.8157894737,2045,5.602739726027397,117,6.78239608801956,11824550.173594132,High CLV,Very High Risk
C0261,73371667.4,40,1834291.685,2041,5.5917808219178085,25,7.153356197942185,13121341.793728564,Very High CLV,Low Risk
C0262,48644883.2,30,1621496.1066666667,2108,5.7753424657534245,27,5.19449715370019,8422856.91081594,Low CLV,Low Risk
C0263,70309921.0,40,1757748.025,2067,5.663013698630137,60,7.063376874697629,12415636.75133043,High CLV,Moderate Risk
C0264,72106046.6,39,1848872.9897435897,2131,5.838356164383562,59,6.679962458939465,12350402.16283435,High CLV,Moderate Risk
C0265,56239915.0,33,1704239.8484848484,2047,5.608219178082192,95,5.8842208109428435,10028123.583292624,Medium CLV,Very High Risk
C0266,59493819.2,37,1607941.0594594595,2072,5.676712328767123,98,6.517857142857143,10480330.11969112,Medium CLV,Very High Risk
C0267,49252642.4,33,1492504.3151515152,1845,5.054794520547945,281,6.528455284552845,9743747.683468835,Medium CLV,Very High Risk
C0268,69239445.0,37,1871336.3513513512,2086,5.715068493150685,85,6.47411313518696,12115243.252636625,High CLV,High Risk
C0269,74531970.2,48,1552749.3791666667,2141,5.865753424657535,39,8.183092013078001,12706291.042970575,High CLV,Moderate Risk
C0270,73637293.4,46,1600810.7260869567,2095,5.739726027397261,11,8.014319809069212,12829409.112649165,High CLV,Low Risk
C0271,43599972.6,28,1557141.8785714286,2001,5.482191780821918,35,5.10744627686157,7953018.490254873,Low CLV,Moderate Risk
C0272,82042535.4,43,1907965.939534884,1930,5.287671232876712,18,8.132124352331607,15515816.280310884,Very High CLV,Low Risk
C0273,64620418.2,40,1615510.455,2068,5.6657534246575345,0,7.0599613152804634,11405441.31673114,High CLV,Low Risk
C0274,64071466.6,42,1525511.1095238095,1997,5.471232876712329,187,7.676514772158237,11710608.567351026,High CLV,Very High Risk
C0275,66880783.6,47,1422995.395744681,1972,5.402739726027397,52,8.699290060851927,12379049.702839758,High CLV,Moderate Risk
C0276,79846720.4,49,1629524.906122449,2182,5.978082191780822,2,8.196608615948671,13356577.885426216,Very High CLV,Low Risk
C0277,45731394.2,38,1203457.7421052633,1936,5.304109589041096,108,7.164256198347107,8621879.588326447,Low CLV,Very High Risk
C0278,59961056.4,45,1332467.92,2082,5.704109589041096,28,7.889048991354467,10511904.700288184,Medium CLV,Low Risk
C0279,38851894.0,28,1387567.642857143,2011,5.50958904109589,49,5.082048731974142,7051686.379910492,Low CLV,Moderate Risk
C0280,64583738.6,47,1374122.0978723404,2124,5.8191780821917805,56,8.076741996233523,11098429.655838042,High CLV,Moderate Risk
C0281,52632947.4,31,1697837.0129032258,2002,5.484931506849315,189,5.651848151848152,9595916.983516484,Low CLV,Very High Risk
C0282,78317730.4,51,1535641.7725490197,2168,5.93972602739726,7,8.586254612546126,13185411.25276753,Very High CLV,Low Risk
C0283,46063181.6,33,1395853.987878788,1970,5.397260273972603,118,6.114213197969542,8534548.875126904,Low CLV,Very High Risk
C0284,78191857.0,45,1737596.822222222,2175,5.958904109589041,8,7.551724137931034,13121851.864367815,Very High CLV,Low Risk
C0285,57166086.6,51,1120903.6588235295,2124,5.8191780821917805,26,8.764124293785311,9823738.987288138,Medium CLV,Low Risk
C0286,64515433.4,39,1654241.882051282,2184,5.983561643835617,2,6.517857142857142,10782112.266941391,Medium CLV,Low Risk
C0287,55179366.6,36,1532760.1833333333,2077,5.69041095890411,34,6.326432354357245,9696903.615310542,Medium CLV,Moderate Risk
C0288,107119652.2,63,1700311.9396825398,2066,5.66027397260274,74,11.130203291384317,18924817.547434658,Very High CLV,High Risk
C0289,57538580.4,40,1438464.51,2091,5.728767123287671,63,6.982305117168819,10043798.109038739,Medium CLV,High Risk
C0290,66221482.2,46,1439597.4391304348,2083,5.706849315068493,46,8.060489678348535,11603860.299087852,High CLV,Moderate Risk
C0291,93293350.4,54,1727654.6370370372,2092,5.7315068493150685,28,9.421606118546846,16277281.499043979,Very High CLV,Low Risk
C0292,39031937.8,31,1259094.7677419353,2078,5.693150684931507,103,5.445139557266602,6855946.726179017,Low CLV,Very High Risk
C0293,73130661.4,42,1741206.223809524,2076,5.6876712328767125,97,7.384393063583815,12857751.161368016,High CLV,Very High Risk
C0294,88081900.8,51,1727096.094117647,2103,5.761643835616439,4,8.851640513552068,15287633.7574893,Very High CLV,Low Risk
C0295,80533744.6,46,1750733.5782608695,2043,5.597260273972603,83,8.218306412139011,14388064.992168378,Very High CLV,High Risk
C0296,59283432.8,41,1445937.3853658536,2136,5.852054794520548,54,7.006086142322097,10130361.878277153,Medium CLV,Moderate Risk
C0297,79590004.4,39,2040769.3435897438,1990,5.4520547945205475,183,7.153266331658292,14598166.636180907,Very High CLV,Very High Risk
C0298,54524918.8,37,1473646.4540540539,2146,5.879452054794521,41,6.293103448275862,9273809.581547063,Low CLV,Moderate Risk
C0299,53895506.2,37,1456635.3027027028,2045,5.602739726027397,123,6.603911980440098,9619491.326650368,Low CLV,Very High Risk
C0300,77188710.6,44,1754288.8772727272,2036,5.578082191780822,31,7.888015717092339,13837858.236247545,Very High CLV,Moderate Risk
C0301,64808979.2,47,1378914.45106383,2167,5.936986301369863,12,7.916474388555606,10916140.935856022,Medium CLV,Low Risk
C0302,66273983.0,42,1577951.9761904762,2149,5.887671232876713,7,7.133550488599348,11256400.090739878,High CLV,Low Risk
C0303,38889030.8,31,1254484.864516129,2067,5.663013698630137,30,5.4741170778906625,6867197.020803096,Low CLV,Low Risk
C0304,91211305.8,51,1788456.9764705882,2160,5.917808219178082,6,8.618055555555555,15413021.581944443,Very High CLV,Low Risk
C0305,52766904.800000004,33,1598997.1151515152,2022,5.53972602739726,34,5.956973293768546,9525183.111770526,Low CLV,Moderate Risk
C0306,72686638.2,47,1546524.2170212767,1977,5.416438356164384,15,8.677288821446636,13419637.300455235,Very High CLV,Low Risk
C0307,87787133.2,48,1828898.6083333334,2140,5.863013698630137,37,8.186915887850466,14973039.073831774,Very High CLV,Moderate Risk
C0308,53708429.6,36,1491900.8222222223,2123,5.816438356164384,19,6.189354686764013,9233903.346208196,Low CLV,Low Risk
C0309,38759244.8,32,1211226.4,2115,5.794520547945205,14,5.5224586288416075,6688947.684160756,Low CLV,Low Risk
C0310,65486421.4,41,1597229.7902439025,1988,5.446575342465754,54,7.5276659959758545,12023412.379778672,High CLV,Moderate Risk
C0311,78976613.2,46,1716882.895652174,2053,5.624657534246575,105,8.178275694106187,14041141.655138824,Very High CLV,Very High Risk
C0312,67470700.2,40,1686767.5050000001,2042,5.594520547945206,44,7.1498530852105775,12060139.849657198,High CLV,Moderate Risk
C0313,53136931.2,32,1660529.1,1924,5.271232876712329,120,6.070686070686071,10080550.877338877,Medium CLV,Very High Risk
C0314,69465050.8,45,1543667.7955555555,2074,5.682191780821918,96,7.9194792671166825,12225045.102217935,High CLV,Very High Risk
C0315,63797282.4,42,1518982.9142857143,2169,5.942465753424657,14,7.06777316735823,10735826.683264177,Medium CLV,Low Risk
C0316,51245092.4,38,1348555.0631578946,2025,5.5479452054794525,100,6.849382716049382,9236769.741234567,Low CLV,Very High Risk
C0317,52093578.6,38,1370883.647368421,2169,5.942465753424657,6,6.394651913324113,8766323.738589212,Low CLV,Low Risk
C0318,74022907.8,41,1805436.7756097561,2132,5.841095890410959,52,7.019230769230768,12672777.367260786,High CLV,Moderate Risk
C0319,69856429.4,37,1888011.6054054056,2033,5.5698630136986305,23,6.642892277422528,12541857.713231679,High CLV,Low Risk
C0320,54602363.0,35,1560067.5142857144,2100,5.7534246575342465,1,6.083333333333333,9490410.711904762,Low CLV,Low Risk
C0321,62032369.0,42,1476961.1666666667,2179,5.96986301369863,9,7.035337310692979,10390920.002294632,Medium CLV,Low Risk
C0322,41492290.0,29,1430768.6206896552,2071,5.673972602739726,21,5.111057460164172,7312740.632544665,Low CLV,Low Risk
C0323,57786002.2,40,1444650.0550000002,2172,5.950684931506849,9,6.721915285451197,9710815.286832413,Medium CLV,Low Risk
C0324,55237914.6,38,1453629.3315789474,2039,5.586301369863014,129,6.802354095144679,9888101.436488476,Medium CLV,Very High Risk
C0325,56775486.800000004,33,1720469.296969697,2078,5.693150684931507,52,5.7964388835418665,9972595.130895091,Medium CLV,Moderate Risk
C0326,70540745.6,47,1500866.9276595744,2118,5.802739726027397,1,8.099622285174693,12156455.214353163,High CLV,Low Risk
C0327,62303773.6,45,1384528.3022222223,2135,5.8493150684931505,25,7.693208430913349,10651464.807494145,Medium CLV,Low Risk
C0328,68279316.4,40,1706982.9100000001,2163,5.926027397260274,26,6.749884419787333,11521937.349052243,High CLV,Low Risk
C0329,64307436.8,36,1786317.6888888888,2184,5.983561643835617,5,6.016483516483516,10747350.930402929,Medium CLV,Low Risk
C0330,58287142.6,41,1421637.624390244,2006,5.495890410958904,143,7.460119641076769,10605586.764207378,Medium CLV,Very High Risk
C0331,69377141.2,44,1576753.2090909092,2074,5.682191780821918,16,7.743490838958534,12209574.029893925,High CLV,Low Risk
C0332,52716408.8,39,1351702.7897435897,2135,5.8493150684931505,38,6.667447306791569,9012407.125058549,Low CLV,Moderate Risk
C0333,66085313.2,42,1573459.8380952382,2154,5.901369863013699,29,7.116991643454039,11198300.519034356,High CLV,Low Risk
C0334,43977096.800000004,37,1188570.1837837838,2060,5.6438356164383565,129,6.555825242718446,7792058.413592232,Low CLV,Very High Risk
C0335,67074367.8,43,1559869.018604651,2103,5.761643835616439,58,7.463147883975273,11641533.165477887,High CLV,Moderate Risk
C0336,45959667.0,39,1178453.0,2113,5.789041095890411,66,6.736867013724562,7939081.142924751,Low CLV,High Risk
C0337,74236665.0,35,2121047.5714285714,1959,5.367123287671233,128,6.521184277692701,13831742.075038286,Very High CLV,Very High Risk
C0338,54984288.4,38,1446954.957894737,2122,5.813698630136987,38,6.536286522148916,9457712.18944392,Low CLV,Moderate Risk
C0339,52031024.0,27,1927074.962962963,1934,5.298630136986302,137,5.095656670113754,9819712.388831437,Medium CLV,Very High Risk
C0340,70311394.8,39,1802856.276923077,2160,5.917808219178082,27,6.590277777777779,11881323.658333335,High CLV,Low Risk
C0341,70851281.4,38,1864507.405263158,2038,5.583561643835616,85,6.805691854759568,12689262.861138372,High CLV,High Risk
C0342,100153639.6,44,2276219.0818181816,2007,5.498630136986302,83,8.00199302441455,18214289.21474838,Very High CLV,High Risk
C0343,75493416.4,45,1677631.4755555557,2093,5.734246575342466,40,7.847587195413282,13165359.286192069,Very High CLV,Moderate Risk
C0344,50089886.6,30,1669662.8866666667,1991,5.454794520547945,197,5.499748869914616,9182726.574083377,Low CLV,Very High Risk
C0345,56899456.6,44,1293169.4681818183,2105,5.767123287671233,41,7.629453681710213,9866176.560095012,Medium CLV,Moderate Risk
C0346,54686860.8,39,1402227.2,2125,5.821917808219178,46,6.698823529411765,9393272.560941176,Low CLV,Moderate Risk
C0347,29076137.0,27,1076893.962962963,2101,5.756164383561644,28,4.690623512613041,5051304.143265111,Low CLV,Low Risk
C0348,55466523.4,35,1584757.8114285714,2019,5.531506849315068,68,6.3273897969291735,10027380.40663695,Medium CLV,High Risk
C0349,65933267.4,36,1831479.65,2088,5.720547945205479,73,6.293103448275862,11525690.900862068,High CLV,High Risk
C0350,49779071.0,37,1345380.2972972973,2033,5.5698630136986305,36,6.642892277422528,8937216.387112642,Low CLV,Moderate Risk
C0351,48026434.2,38,1263853.5315789476,1994,5.463013698630137,110,6.955867602808425,8791197.835005015,Low CLV,Very High Risk
C0352,53320209.4,37,1441086.7405405405,2088,5.720547945205479,50,6.467911877394637,9320822.045498086,Low CLV,Moderate Risk
C0353,35859534.8,30,1195317.8266666667,2092,5.7315068493150685,84,5.234225621414914,6256563.194072657,Low CLV,High Risk
C0354,62107608.0,41,1514819.7073170731,2180,5.972602739726027,6,6.864678899082569,10398750.880733944,Medium CLV,Low Risk
C0355,73634372.6,40,1840859.315,2176,5.961643835616439,13,6.709558823529411,12351353.859834557,High CLV,Low Risk
C0356,79690881.0,45,1770908.4666666666,2091,5.728767123287671,26,7.855093256814921,13910651.154949784,Very High CLV,Low Risk
C0357,61407267.4,32,1918977.10625,2143,5.8712328767123285,44,5.450303313112459,10459007.279981336,Medium CLV,Moderate Risk
C0358,68550380.4,40,1713759.5100000002,1994,5.463013698630137,91,7.3219658976930795,12548088.689067204,High CLV,Very High Risk
C0359,99895983.4,52,1921076.603846154,2116,5.7972602739726025,33,8.969754253308128,17231585.03827977,Very High CLV,Moderate Risk
C0360,60127880.8,34,1768467.0823529412,2003,5.487671232876712,44,6.195706440339491,10956902.891662506,Medium CLV,Moderate Risk
C0361,58802186.0,35,1680062.4571428571,2081,5.701369863013698,96,6.138875540605478,10313694.324843826,Medium CLV,Very High Risk
C0362,57018296.0,42,1357578.4761904762,2061,5.646575342465753,81,7.438136826783116,10097854.459000487,Medium CLV,High Risk
C0363,64018233.4,37,1730222.5243243242,2083,5.706849315068493,54,6.483437349975996,11217789.337974075,High CLV,Moderate Risk
C0364,61474010.8,38,1617737.1263157893,2145,5.876712328767123,43,6.466200466200466,10460612.56037296,Medium CLV,Moderate Risk
C0365,66847837.2,47,1422294.4085106384,2132,5.841095890410959,56,8.046435272045027,11444399.89587242,High CLV,Moderate Risk
C0366,46920707.6,30,1564023.5866666667,2058,5.638356164383562,66,5.320699708454811,8321699.841593781,Low CLV,High Risk
C0367,61649463.4,31,1988692.3677419354,2076,5.6876712328767125,57,5.450385356454721,10839139.759633912,Medium CLV,Moderate Risk
C0368,54132389.8,33,1640375.4484848485,2113,5.789041095890411,31,5.7004259346900135,9350838.749171792,Low CLV,Moderate Risk
C0369,76487726.6,46,1662776.6652173912,2148,5.884931506849315,18,7.81657355679702,12997216.112197392,Very High CLV,Low Risk
C0370,58581481.199999996,41,1428816.6146341462,2130,5.835616438356165,13,7.025821596244131,10038610.628169013,Medium CLV,Low Risk
C0371,91039744.6,51,1785093.031372549,2130,5.835616438356165,59,8.73943661971831,15600707.40798122,Very High CLV,Moderate Risk
C0372,53251324.8,37,1439224.9945945945,1972,5.402739726027397,174,6.848377281947262,9856355.756592292,Medium CLV,Very High Risk
C0373,77626618.6,43,1805270.2,1979,5.421917808219178,120,7.93077311773623,14317188.372410307,Very High CLV,Very High Risk
C0374,74514218.8,46,1619874.3217391304,2105,5.767123287671233,21,7.976247030878859,12920517.749168646,Very High CLV,Low Risk
C0375,83627577.8,44,1900626.768181818,2083,5.706849315068493,58,7.71003360537686,14653896.253960632,Very High CLV,Moderate Risk
C0376,62674127.8,35,1790689.3657142855,2149,5.887671232876713,12,5.944625407166123,10644977.499767331,Medium CLV,Low Risk
C0377,72235206.4,40,1805880.1600000001,2160,5.917808219178082,24,6.7592592592592595,12206412.192592595,High CLV,Low Risk
C0378,62811212.6,42,1495505.061904762,2157,5.909589041095891,16,7.107093184979138,10628693.833565136,Medium CLV,Low Risk
C0379,66830982.6,44,1518885.9681818183,2088,5.720547945205479,16,7.691570881226054,11682619.084770117,High CLV,Low Risk
C0380,91048215.0,58,1569796.8103448276,2140,5.863013698630137,23,9.892523364485982,15529251.623831777,Very High CLV,Low Risk
C0381,68417032.8,34,2012265.6705882351,1995,5.465753424657534,10,6.220551378446115,12517401.990977442,High CLV,Low Risk
C0382,50583035.6,37,1367109.0702702703,2043,5.597260273972603,42,6.610376896720508,9037106.213411648,Low CLV,Moderate Risk
C0383,71832906.0,43,1670532.6976744186,2101,5.756164383561644,42,7.470252260828177,12479300.66158972,High CLV,Moderate Risk
C0384,81888155.8,42,1949717.995238095,2043,5.597260273972603,113,7.5036710719530095,14630042.519334309,Very High CLV,Very High Risk
C0385,76626473.0,42,1824439.8333333333,1885,5.164383561643835,99,8.13262599469496,14837486.814323606,Very High CLV,Very High Risk
C0386,53754976.6,38,1414604.647368421,2022,5.53972602739726,57,6.859545004945598,9703544.242828883,Medium CLV,Moderate Risk
C0387,55063811.6,38,1449047.6736842105,2124,5.8191780821917805,66,6.5301318267419965,9462472.332391715,Low CLV,High Risk
C0388,53499029.0,34,1573500.8529411764,2093,5.734246575342466,19,5.929288103201147,9329739.887720974,Low CLV,Low Risk
C0389,56596362.6,33,1715041.290909091,2062,5.64931506849315,36,5.841416100872939,10018269.810378274,Medium CLV,Moderate Risk
C0390,67178497.6,35,1919385.6457142856,2068,5.6657534246575345,52,6.177466150870406,11856939.856866537,High CLV,Moderate Risk
C0391,54227537.6,35,1549358.2171428571,2147,5.882191780821918,31,5.950163018164881,9218933.965533301,Low CLV,Moderate Risk
C0392,47369152.4,34,1393210.3647058823,2131,5.838356164383562,19,5.8235570154856875,8113439.993430314,Low CLV,Low Risk
C0393,57683779.4,42,1373423.3190476191,2093,5.734246575342466,13,7.3244147157190636,10059521.9689441,Medium CLV,Low Risk
C0394,84930805.8,46,1846321.8652173912,2085,5.712328767123288,40,8.052757793764988,14867982.789928056,Very High CLV,Moderate Risk
C0395,64514679.8,44,1466242.7227272727,2129,5.832876712328767,11,7.543447627994364,11060525.188821042,Medium CLV,Low Risk
C0396,67383019.2,40,1684575.48,2154,5.901369863013699,24,6.7780872794800375,11418199.632311977,High CLV,Low Risk
C0397,60279612.2,41,1470234.4439024392,2136,5.852054794520548,14,7.006086142322097,10300589.163389513,Medium CLV,Low Risk
C0398,68352134.0,43,1589584.511627907,2148,5.884931506849315,29,7.306797020484171,11614771.373370577,High CLV,Low Risk
C0399,62998360.6,42,1499960.9666666668,2183,5.980821917808219,6,7.022446174988548,10533395.15300046,Medium CLV,Low Risk
C0400,53789410.800000004,38,1415510.8105263158,2027,5.553424657534246,69,6.842624568327578,9685809.048840651,Medium CLV,High Risk
C0401,61848709.2,38,1627597.6105263159,2114,5.791780821917809,67,6.5610217596972555,10678703.338694418,Medium CLV,High Risk
C0402,51082966.6,39,1309819.6564102564,1995,5.465753424657534,172,7.135338345864661,9346006.420551378,Low CLV,Very High Risk
C0403,85078442.8,49,1736294.751020408,2121,5.810958904109589,21,8.432343234323431,14641033.296558224,Very High CLV,Low Risk
C0404,57215502.0,35,1634728.6285714286,2146,5.879452054794521,5,5.952935694315005,9731434.403541472,Medium CLV,Low Risk
C0405,56480507.0,37,1526500.189189189,1973,5.405479452054794,189,6.844906234161177,10448750.661429295,Medium CLV,Very High Risk
C0406,70714584.6,37,1911204.989189189,2055,5.63013698630137,81,6.571776155717762,12560011.376642335,High CLV,High Risk
C0407,65695217.4,43,1527795.753488372,2164,5.928767123287671,6,7.252772643253235,11080755.245378928,Medium CLV,Low Risk
C0408,69586523.2,39,1784269.8256410258,1946,5.331506849315068,59,7.315005138746146,13051942.943473794,Very High CLV,Moderate Risk
C0409,60821412.6,45,1351586.9466666668,2090,5.726027397260274,83,7.858851674641149,10621921.33923445,Medium CLV,High Risk
C0410,62834152.6,42,1496051.2523809525,2157,5.909589041095891,34,7.107093184979138,10632575.660176171,Medium CLV,Moderate Risk
C0411,77930913.2,46,1694150.286956522,2017,5.526027397260274,19,8.3242439266237,14102520.236985626,Very High CLV,Low Risk
C0412,49251584.6,37,1331123.9081081082,1865,5.109589041095891,217,7.241286863270777,9639050.069168901,Low CLV,Very High Risk
C0413,69429652.6,46,1509340.2739130433,2102,5.758904109589041,53,7.987630827783064,12056052.901522359,High CLV,Moderate Risk
C0414,69142464.4,44,1571419.6454545455,2145,5.876712328767123,0,7.487179487179487,11765500.935198136,High CLV,Low Risk
C0415,73386860.0,36,2038523.888888889,2039,5.586301369863014,81,6.4443354585581165,13136931.780284453,Very High CLV,High Risk
C0416,53927329.4,43,1254123.9395348837,2115,5.794520547945205,72,7.420803782505911,9306607.67423168,Low CLV,High Risk
C0417,56892210.6,36,1580339.1833333333,1989,5.449315068493151,111,6.606334841628959,10440249.808446456,Medium CLV,Very High Risk
C0418,49957660.0,32,1561176.875,2068,5.6657534246575345,47,5.647969052224371,8817478.675048355,Low CLV,Moderate Risk
C0419,63139736.8,34,1857051.0823529412,2036,5.578082191780822,92,6.095284872298625,11319255.36935167,High CLV,Very High Risk
C0420,105420085.2,54,1952223.8,2143,5.8712328767123285,39,9.197386840877275,17955357.48856743,Very High CLV,Moderate Risk
C0421,88158611.2,45,1959080.2488888889,1991,5.454794520547945,105,8.249623304871925,16161674.077348068,Very High CLV,Very High Risk
C0422,78729224.2,44,1789300.55,1873,5.131506849315069,57,8.574479444741057,15342320.786438867,Very High CLV,Moderate Risk
C0423,55793317.0,35,1594094.7714285713,2132,5.841095890410959,4,5.99202626641651,9551857.741557222,Low CLV,Low Risk
C0424,63757994.8,38,1677841.9684210524,2012,5.512328767123288,99,6.893638170974155,11566435.43836978,High CLV,Very High Risk
C0425,73307047.0,44,1666069.25,2153,5.898630136986301,22,7.4593590339061775,12427808.711100789,High CLV,Low Risk
C0426,60676762.6,40,1516919.065,2113,5.789041095890411,28,6.909607193563653,10481314.883577852,Medium CLV,Low Risk
C0427,60390081.4,46,1312827.8565217392,2121,5.810958904109589,35,7.916077322017916,10392446.82272513,Medium CLV,Moderate Risk
C0428,72557852.6,45,1612396.7244444443,2040,5.589041095890411,127,8.051470588235293,12982164.803431371,Very High CLV,Very High Risk
C0429,71560643.6,44,1626378.2636363634,2082,5.704109589041096,71,7.71373679154659,12545453.849183476,High CLV,High Risk
C0430,47869210.4,29,1650662.427586207,2044,5.6,81,5.178571428571429,8548073.285714285,Low CLV,High Risk
C0431,50133961.8,31,1617224.5741935482,1853,5.076712328767123,179,6.106314085267134,9875281.196438206,Medium CLV,Very High Risk
C0432,55153813.4,41,1345214.9609756097,2078,5.693150684931507,88,7.201636188642925,9687748.744465832,Medium CLV,High Risk
C0433,65222517.6,38,1716382.042105263,1798,4.926027397260274,140,7.71412680756396,13240388.723025583,Very High CLV,Very High Risk
C0434,54780833.4,35,1565166.6685714286,2121,5.810958904109589,66,6.023102310231023,9427158.977369165,Low CLV,High Risk
C0435,84330852.8,57,1479488.645614035,2061,5.646575342465753,60,10.094614264919942,14934867.186802521,Very High CLV,Moderate Risk
C0436,63326538.6,38,1666487.8578947368,2144,5.873972602739726,16,6.469216417910448,10780870.610541046,Medium CLV,Low Risk
C0437,49034632.4,32,1532332.2625,2142,5.868493150684931,10,5.452847805788982,8355574.615312791,Low CLV,Low Risk
C0438,67257764.0,45,1494616.9777777777,1903,5.213698630136986,121,8.631108775617447,12900201.713084605,High CLV,Very High Risk
C0439,63476155.8,43,1476189.6697674417,2110,5.780821917808219,2,7.438388625592417,10980472.448815165,Medium CLV,Low Risk
C0440,86507191.8,47,1840578.54893617,2092,5.7315068493150685,71,8.200286806883366,15093271.991873804,Very High CLV,High Risk
C0441,52770182.0,35,1507719.4857142856,2102,5.758904109589041,73,6.077545195052331,9163233.315889629,Low CLV,High Risk
C0442,60326225.8,36,1675728.4944444443,2092,5.7315068493150685,72,6.281070745697897,10525369.22418738,Medium CLV,High Risk
C0443,66704165.0,43,1551259.6511627906,2063,5.652054794520548,43,7.60785264178381,11801754.835191468,High CLV,Moderate Risk
C0444,59419781.4,35,1697708.04,1989,5.449315068493151,147,6.422825540472599,10904082.559577676,Medium CLV,Very High Risk
C0445,62230426.6,30,2074347.5533333335,2095,5.739726027397261,3,5.226730310262529,10842055.231026253,Medium CLV,Low Risk
C0446,55273239.8,36,1535367.772222222,2082,5.704109589041096,76,6.311239193083574,9690073.259846302,Medium CLV,High Risk
C0447,74979355.4,39,1922547.5743589746,2179,5.96986301369863,8,6.532813217072052,12559644.204222122,High CLV,Low Risk
C0448,68537789.4,37,1852372.6864864866,2100,5.7534246575342465,20,6.430952380952381,11912520.53857143,High CLV,Low Risk
C0449,63310212.0,37,1711086.810810811,1974,5.4082191780821915,42,6.841438703140831,11706295.531914895,High CLV,Moderate Risk
C0450,62233287.4,43,1447285.753488372,2067,5.663013698630137,110,7.593130140299952,10989429.076439284,Medium CLV,Very High Risk
C0451,52353064.4,42,1246501.5333333332,2007,5.498630136986302,178,7.638266068759342,9521110.366716491,Low CLV,Very High Risk
C0452,50797162.6,42,1209456.2523809525,2124,5.8191780821917805,4,7.2175141242937855,8729267.584274953,Low CLV,Low Risk
C0453,65818457.0,36,1828290.4722222222,2047,5.608219178082192,0,6.419149975574011,11736070.740107475,High CLV,Low Risk
C0454,46799854.199999996,37,1264860.9243243241,2106,5.76986301369863,47,6.412630579297247,8111085.841880341,Low CLV,Moderate Risk
C0455,73447442.0,40,1836186.05,2041,5.5917808219178085,34,7.153356197942185,13134892.861342479,Very High CLV,Moderate Risk
C0456,34272135.8,29,1181797.7862068964,2062,5.64931506849315,76,5.133365664403492,6066600.177982541,Low CLV,High Risk
C0457,61313002.6,35,1751800.0742857144,2133,5.843835616438356,46,5.989217065166432,10491910.899671825,Medium CLV,Moderate Risk
C0458,61418386.0,43,1428334.558139535,1999,5.476712328767123,3,7.851425712856429,11214462.67633817,High CLV,Low Risk
C0459,79388823.0,45,1764196.0666666667,2106,5.76986301369863,17,7.7991452991453,13759221.460113961,Very High CLV,Low Risk
C0460,72367400.6,36,2010205.572222222,2060,5.6438356164383565,36,6.3786407766990285,12822379.23252427,High CLV,Moderate Risk
C0461,71054553.4,42,1691775.080952381,2073,5.67945205479452,61,7.395079594790159,12510811.380125422,High CLV,High Risk
C0462,92177113.6,52,1772636.7999999998,2138,5.857534246575343,48,8.877455565949486,15736504.426566884,Very High CLV,Moderate Risk
C0463,58325024.0,36,1620139.5555555555,2051,5.619178082191781,131,6.406630911750366,10379636.157971721,Medium CLV,Very High Risk
C0464,67409135.2,39,1728439.3641025643,2065,5.657534246575342,109,6.893462469733656,11914931.887651332,High CLV,Very High Risk
C0465,54021591.4,39,1385169.01025641,2102,5.758904109589041,19,6.772121788772598,9380533.23549001,Low CLV,Low Risk
C0466,99913868.2,52,1921420.5423076923,2149,5.887671232876713,18,8.832014890646812,16970014.840856213,Very High CLV,Low Risk
C0467,67788106.8,55,1232511.0327272727,2135,5.8493150684931505,55,9.402810304449648,11589067.438875878,High CLV,Moderate Risk
C0468,89417777.4,56,1596746.0250000001,2150,5.890410958904109,0,9.506976744186048,15180227.326046515,Very High CLV,Low Risk
C0469,71372672.2,44,1622106.1863636365,2175,5.958904109589041,13,7.3839080459770114,11977482.920919541,High CLV,Low Risk
C0470,54364363.0,44,1235553.7045454546,2072,5.676712328767123,95,7.750965250965251,9576733.829633204,Low CLV,Very High Risk
C0471,74383440.6,42,1771034.2999999998,2104,5.764383561643836,34,7.286121673003802,12903971.396863116,High CLV,Moderate Risk
C0472,58343752.4,37,1576858.172972973,2035,5.575342465753424,38,6.636363636363637,10464604.238820639,Medium CLV,Moderate Risk
C0473,51561279.0,31,1663267.064516129,2083,5.706849315068493,46,5.4320691310609694,9034981.677868458,Low CLV,Moderate Risk
C0474,53742284.8,35,1535493.8514285714,2127,5.8273972602739725,54,6.006111894687353,9222347.885284439,Low CLV,Moderate Risk
C0475,97922412.6,58,1688317.4586206896,2160,5.917808219178082,13,9.800925925925926,16547074.351388888,Very High CLV,Low Risk
C0476,84202311.6,38,2215850.305263158,2086,5.715068493150685,93,6.649089165867689,14733386.257909875,Very High CLV,Very High Risk
C0477,57871728.4,37,1564100.7675675675,1950,5.342465753424658,79,6.925641025641026,10832400.444102565,Medium CLV,High Risk
C0478,79015238.4,47,1681175.285106383,2155,5.904109589041096,2,7.960556844547564,13383091.42273782,Very High CLV,Low Risk
C0479,39881485.2,29,1375223.627586207,2055,5.63013698630137,84,5.150851581508516,7083572.797080292,Low CLV,High Risk
C0480,58091138.8,37,1570030.7783783784,2131,5.838356164383562,37,6.3374002815579535,9949913.496949788,Medium CLV,Moderate Risk
C0481,61067778.2,40,1526694.455,2189,5.997260273972603,0,6.669712197350388,10182612.628140703,Medium CLV,Low Risk
C0482,81628023.2,36,2267445.088888889,1815,4.972602739726027,28,7.239669421487603,16415552.87493113,Very High CLV,Low Risk
C0483,108672502.0,53,2050424.566037736,2128,5.83013698630137,13,9.090695488721805,18639785.35244361,Very High CLV,Low Risk
C0484,53367824.4,31,1721542.722580645,2111,5.7835616438356166,51,5.3600189483657035,9227501.613453338,Low CLV,Moderate Risk
C0485,66922042.0,34,1968295.3529411764,2087,5.717808219178083,91,5.946334451365596,11704142.467656922,High CLV,Very High Risk
C0486,68491843.6,42,1630758.1809523809,2106,5.76986301369863,85,7.27920227920228,11870618.667616334,High CLV,High Risk
C0487,46208581.6,31,1490599.406451613,1837,5.032876712328767,288,6.1594991834512784,9181345.82689167,Low CLV,Very High Risk
C0488,74510940.6,40,1862773.515,2097,5.745205479452054,35,6.9623271340009545,12969238.587982833,Very High CLV,Moderate Risk
C0489,78799228.8,51,1545082.9176470588,1952,5.347945205479452,136,9.536372950819672,14734486.94262295,Very High CLV,Very High Risk
C0490,93900425.2,50,1878008.504,2164,5.928767123287671,2,8.433456561922366,15838103.141404806,Very High CLV,Low Risk
C0491,78280966.4,32,2446280.2,1926,5.276712328767124,180,6.064382139148494,14835177.952232607,Very High CLV,Very High Risk
C0492,65225924.2,37,1762862.8162162162,2101,5.756164383561644,56,6.427891480247501,11331490.877201332,High CLV,Moderate Risk
C0493,67033833.199999996,45,1489640.7377777777,2104,5.764383561643836,39,7.806558935361216,11628968.211977184,High CLV,Moderate Risk
C0494,48287535.6,32,1508985.4875,2103,5.761643835616439,33,5.55397051830718,8380860.910128388,Low CLV,Moderate Risk
C0495,105717422.2,52,2033027.35,2155,5.904109589041096,36,8.807424593967518,17905735.08259861,Very High CLV,Moderate Risk
C0496,63706971.4,41,1553828.5707317074,2140,5.863013698630137,4,6.992990654205607,10865908.673364485,Medium CLV,Low Risk
C0497,54198333.6,33,1642373.7454545456,2008,5.501369863013698,21,5.998505976095618,9851788.727091637,Medium CLV,Low Risk
C0498,66413930.8,30,2213797.6933333334,1998,5.473972602739726,134,5.48048048048048,12132675.046046047,High CLV,Very High Risk
C0499,72950313.2,44,1657961.6636363638,2142,5.868493150684931,32,7.497665732959851,12430842.352007471,High CLV,Moderate Risk
C0500,46749033.2,29,1612035.627586207,2162,5.923287671232877,24,4.895929694727105,7892413.098057355,Low CLV,Low Risk
